,grid_id,daily_cust
319,170356.0,135.74193548387098
339,171052.0,18.741935483870968
340,171053.0,23.677419354838708
341,171054.0,66.6774193548387
345,171058.0,31.516129032258064
364,171754.0,34.483870967741936
365,171755.0,22.548387096774192
366,171756.0,77.74193548387096
388,172456.0,34.516129032258064
389,172457.0,30.64516129032258
